,Title,Certificate,Duration,Genre,Rate,Metascore,Description,Cast,Info
0,1. The Shawshank Redemption (1994),R,142 min,Drama,9.3,80,"Two imprisoned men bond over a number of years, finding solace and eventual redemption through acts of common decency.","Director: Frank Darabont | Stars: Tim Robbins, Morgan Freeman, Bob Gunton, William Sadler","Votes: 2,295,987 | Gross: $28.34M"
1,2. The Godfather (1972),R,175 min,"Crime, Drama",9.2,100,The aging patriarch of an organized crime dynasty transfers control of his clandestine empire to his reluctant son.,"Director: Francis Ford Coppola | Stars: Marlon Brando, Al Pacino, James Caan, Diane Keaton","Votes: 1,584,782 | Gross: $134.97M"
2,3. The Dark Knight (2008),PG-13,152 min,"Action, Crime, Drama",9.0,84,"When the menace known as the Joker wreaks havoc and chaos on the people of Gotham, Batman must accept one of the greatest psychological and physical tests of his ability to fight injustice.","Director: Christopher Nolan | Stars: Christian Bale, Heath Ledger, Aaron Eckhart, Michael Caine","Votes: 2,260,649 | Gross: $534.86M"
3,4. The Godfather: Part II (1974),R,202 min,"Crime, Drama",9.0,90,"The early life and career of Vito Corleone in 1920s New York City is portrayed, while his son, Michael, expands and tightens his grip on the family crime syndicate.","Director: Francis Ford Coppola | Stars: Al Pacino, Robert De Niro, Robert Duvall, Diane Keaton","Votes: 1,107,253 | Gross: $57.30M"
4,5. The Lord of the Rings: The Return of the King (2003),PG-13,201 min,"Action, Adventure, Drama",8.9,94,Gandalf and Aragorn lead the World of Men against Sauron's army to draw his gaze from Frodo and Sam as they approach Mount Doom with the One Ring.,"Director: Peter Jackson | Stars: Elijah Wood, Viggo Mortensen, Ian McKellen, Orlando Bloom","Votes: 1,614,369 | Gross: $377.85M"
5,6. Pulp Fiction (1994),R,154 min,"Crime, Drama",8.9,94,"The lives of two mob hitmen, a boxer, a gangster and his wife, and a pair of diner bandits intertwine in four tales of violence and redemption.","Director: Quentin Tarantino | Stars: John Travolta, Uma Thurman, Samuel L. Jackson, Bruce Willis","Votes: 1,792,919 | Gross: $107.93M"
6,7. Schindler's List (1993),R,195 min,"Biography, Drama, History",8.9,94,"In German-occupied Poland during World War II, industrialist Oskar Schindler gradually becomes concerned for his Jewish workforce after witnessing their persecution by the Nazis.","Director: Steven Spielberg | Stars: Liam Neeson, Ralph Fiennes, Ben Kingsley, Caroline Goodall","Votes: 1,191,793 | Gross: $96.90M"
7,8. 12 Angry Men (1957),Approved,96 min,"Crime, Drama",8.9,96,A jury holdout attempts to prevent a miscarriage of justice by forcing his colleagues to reconsider the evidence.,"Director: Sidney Lumet | Stars: Henry Fonda, Lee J. Cobb, Martin Balsam, John Fiedler","Votes: 674,629 | Gross: $4.36M"
8,9. Inception (2010),PG-13,148 min,"Action, Adventure, Sci-Fi",8.8,74,A thief who steals corporate secrets through the use of dream-sharing technology is given the inverse task of planting an idea into the mind of a C.E.O.,"Director: Christopher Nolan | Stars: Leonardo DiCaprio, Joseph Gordon-Levitt, Ellen Page, Ken Watanabe","Votes: 2,022,655 | Gross: $292.58M"
9,10. Fight Club (1999),R,139 min,Drama,8.8,66,"An insomniac office worker and a devil-may-care soapmaker form an underground fight club that evolves into something much, much more.","Director: David Fincher | Stars: Brad Pitt, Edward Norton, Meat Loaf, Zach Grenier","Votes: 1,820,268 | Gross: $37.03M"
10,11. The Lord of the Rings: The Fellowship of the Ring (2001),PG-13,178 min,"Action, Adventure, Drama",8.8,92,A meek Hobbit from the Shire and eight companions set out on a journey to destroy the powerful One Ring and save Middle-earth from the Dark Lord Sauron.,"Director: Peter Jackson | Stars: Elijah Wood, Ian McKellen, Orlando Bloom, Sean Bean","Votes: 1,630,106 | Gross: $315.54M"
11,12. Forrest Gump (1994),PG-13,142 min,"Drama, Romance",8.8,82,"The presidencies of Kennedy and Johnson, the events of Vietnam, Watergate and other historical events unfold through the perspective of an Alabama man with an IQ of 75, whose only desire is to be reunited with his childhood sweetheart.","Director: Robert Zemeckis | Stars: Tom Hanks, Robin Wright, Gary Sinise, Sally Field","Votes: 1,769,309 | Gross: $330.25M"
12,"13. The Good, the Bad and the Ugly (1966)",R,178 min,Western,8.8,90,A bounty hunting scam joins two men in an uneasy alliance against a third in a race to find a fortune in gold buried in a remote cemetery.,"Director: Sergio Leone | Stars: Clint Eastwood, Eli Wallach, Lee Van Cleef, Aldo Giuffrè","Votes: 677,184 | Gross: $6.10M"
13,14. Hamilton (2020),PG-13,160 min,"Biography, Drama, History",8.7,90,"The real life of one of America's foremost founding fathers and first Secretary of the Treasury, Alexander Hamilton. Captured live on Broadway from the Richard Rodgers Theater with the original Broadway cast.","Director: Thomas Kail | Stars: Lin-Manuel Miranda, Phillipa Soo, Leslie Odom Jr., Renée Elise Goldsberry","Votes: 44,141"
14,15. The Lord of the Rings: The Two Towers (2002),PG-13,179 min,"Action, Adventure, Drama",8.7,87,"While Frodo and Sam edge closer to Mordor with the help of the shifty Gollum, the divided fellowship makes a stand against Sauron's new ally, Saruman, and his hordes of Isengard.","Director: Peter Jackson | Stars: Elijah Wood, Ian McKellen, Viggo Mortensen, Orlando Bloom","Votes: 1,459,119 | Gross: $342.55M"
15,16. The Matrix (1999),R,136 min,"Action, Sci-Fi",8.7,73,"When a beautiful stranger leads computer hacker Neo to a forbidding underworld, he discovers the shocking truth--the life he knows is the elaborate deception of an evil cyber-intelligence.","Directors: Lana Wachowski, Lilly Wachowski | Stars: Keanu Reeves, Laurence Fishburne, Carrie-Anne Moss, Hugo Weaving","Votes: 1,643,911 | Gross: $171.48M"
16,17. Goodfellas (1990),R,146 min,"Biography, Crime, Drama",8.7,90,"The story of Henry Hill and his life in the mob, covering his relationship with his wife Karen Hill and his mob partners Jimmy Conway and Tommy DeVito in the Italian-American crime syndicate.","Director: Martin Scorsese | Stars: Robert De Niro, Ray Liotta, Joe Pesci, Lorraine Bracco","Votes: 999,623 | Gross: $46.84M"
17,18. Star Wars: Episode V - The Empire Strikes Back (1980),PG,124 min,"Action, Adventure, Fantasy",8.7,82,"After the Rebels are brutally overpowered by the Empire on the ice planet Hoth, Luke Skywalker begins Jedi training with Yoda, while his friends are pursued by Darth Vader and a bounty hunter named Boba Fett all over the galaxy.","Director: Irvin Kershner | Stars: Mark Hamill, Harrison Ford, Carrie Fisher, Billy Dee Williams","Votes: 1,139,296 | Gross: $290.48M"
18,19. One Flew Over the Cuckoo's Nest (1975),R,133 min,Drama,8.7,83,"A criminal pleads insanity and is admitted to a mental institution, where he rebels against the oppressive nurse and rallies up the scared patients.","Director: Milos Forman | Stars: Jack Nicholson, Louise Fletcher, Michael Berryman, Peter Brocco","Votes: 901,247 | Gross: $112.00M"
19,20. Parasite (2019),R,132 min,"Comedy, Drama, Thriller",8.6,96,Greed and class discrimination threaten the newly formed symbiotic relationship between the wealthy Park family and the destitute Kim clan.,"Director: Bong Joon Ho | Stars: Kang-ho Song, Sun-kyun Lee, Yeo-jeong Jo, Woo-sik Choi","Votes: 493,887 | Gross: $53.37M"
20,21. Interstellar (2014),PG-13,169 min,"Adventure, Drama, Sci-Fi",8.6,74,A team of explorers travel through a wormhole in space in an attempt to ensure humanity's survival.,"Director: Christopher Nolan | Stars: Matthew McConaughey, Anne Hathaway, Jessica Chastain, Mackenzie Foy","Votes: 1,468,447 | Gross: $188.02M"
21,22. City of God (2002),R,130 min,"Crime, Drama",8.6,79,"In the slums of Rio, two kids' paths diverge as one struggles to become a photographer and the other a kingpin.","Directors: Fernando Meirelles, Kátia Lund | Stars: Alexandre Rodrigues, Leandro Firmino, Matheus Nachtergaele, Phellipe Haagensen","Votes: 689,676 | Gross: $7.56M"
22,23. Spirited Away (2001),PG,125 min,"Animation, Adventure, Family",8.6,96,"During her family's move to the suburbs, a sullen 10-year-old girl wanders into a world ruled by gods, witches, and spirits, and where humans are changed into beasts.","Director: Hayao Miyazaki | Stars: Daveigh Chase, Suzanne Pleshette, Miyu Irino, Rumi Hiiragi","Votes: 633,673 | Gross: $10.06M"
23,24. Saving Private Ryan (1998),R,169 min,"Drama, War",8.6,91,"Following the Normandy Landings, a group of U.S. soldiers go behind enemy lines to retrieve a paratrooper whose brothers have been killed in action.","Director: Steven Spielberg | Stars: Tom Hanks, Matt Damon, Tom Sizemore, Edward Burns","Votes: 1,212,774 | Gross: $216.54M"
24,25. The Green Mile (1999),R,189 min,"Crime, Drama, Fantasy",8.6,61,"The lives of guards on Death Row are affected by one of their charges: a black man accused of child murder and rape, yet who has a mysterious gift.","Director: Frank Darabont | Stars: Tom Hanks, Michael Clarke Duncan, David Morse, Bonnie Hunt","Votes: 1,122,263 | Gross: $136.80M"
25,26. Life Is Beautiful (1997),PG-13,116 min,"Comedy, Drama, Romance",8.6,,"When an open-minded Jewish librarian and his son become victims of the Holocaust, he uses a perfect mixture of will, humor, and imagination to protect his son from the dangers around their camp.","Director: Roberto Benigni | Stars: Roberto Benigni, Nicoletta Braschi, Giorgio Cantarini, Giustino Durano","Votes: 610,713 | Gross: $57.60M"
26,27. Se7en (1995),R,127 min,"Crime, Drama, Mystery",8.6,65,"Two detectives, a rookie and a veteran, hunt a serial killer who uses the seven deadly sins as his motives.","Director: David Fincher | Stars: Morgan Freeman, Brad Pitt, Kevin Spacey, Andrew Kevin Walker","Votes: 1,414,169 | Gross: $100.13M"
27,28. The Silence of the Lambs (1991),R,118 min,"Crime, Drama, Thriller",8.6,85,"A young F.B.I. cadet must receive the help of an incarcerated and manipulative cannibal killer to help catch another serial killer, a madman who skins his victims.","Director: Jonathan Demme | Stars: Jodie Foster, Anthony Hopkins, Lawrence A. Bonney, Kasi Lemmons","Votes: 1,244,794 | Gross: $130.74M"
28,29. Star Wars: Episode IV - A New Hope (1977),PG,121 min,"Action, Adventure, Fantasy",8.6,90,"Luke Skywalker joins forces with a Jedi Knight, a cocky pilot, a Wookiee and two droids to save the galaxy from the Empire's world-destroying battle station, while also attempting to rescue Princess Leia from the mysterious Darth Vader.","Director: George Lucas | Stars: Mark Hamill, Harrison Ford, Carrie Fisher, Alec Guinness","Votes: 1,211,042 | Gross: $322.74M"
29,30. Harakiri (1962),Not Rated,133 min,"Action, Drama, Mystery",8.6,85,"When a ronin requesting seppuku at a feudal lord's palace is told of the brutal suicide of another ronin who previously visited, he reveals how their pasts are intertwined - and in doing so challenges the clan's integrity.","Director: Masaki Kobayashi | Stars: Tatsuya Nakadai, Akira Ishihama, Shima Iwashita, Tetsurô Tanba","Votes: 38,773"
30,31. Seven Samurai (1954),Not Rated,207 min,"Action, Adventure, Drama",8.6,98,A poor village under attack by bandits recruits seven unemployed samurai to help them defend themselves.,"Director: Akira Kurosawa | Stars: Toshirô Mifune, Takashi Shimura, Keiko Tsushima, Yukiko Shimazaki","Votes: 310,435 | Gross: $0.27M"
31,32. It's a Wonderful Life (1946),PG,130 min,"Drama, Family, Fantasy",8.6,89,An angel is sent from Heaven to help a desperately frustrated businessman by showing him what life would have been like if he had never existed.,"Director: Frank Capra | Stars: James Stewart, Donna Reed, Lionel Barrymore, Thomas Mitchell","Votes: 390,884"
32,33. Joker (2019),R,122 min,"Crime, Drama, Thriller",8.5,,"In Gotham City, mentally troubled comedian Arthur Fleck is disregarded and mistreated by society. He then embarks on a downward spiral of revolution and bloody crime. This path brings him face-to-face with his alter-ego: the Joker.","Director: Todd Phillips | Stars: Joaquin Phoenix, Robert De Niro, Zazie Beetz, Frances Conroy","Votes: 882,903 | Gross: $335.45M"
33,34. Whiplash (2014),R,106 min,"Drama, Music",8.5,88,A promising young drummer enrolls at a cut-throat music conservatory where his dreams of greatness are mentored by an instructor who will stop at nothing to realize a student's potential.,"Director: Damien Chazelle | Stars: Miles Teller, J.K. Simmons, Melissa Benoist, Paul Reiser","Votes: 697,753 | Gross: $13.09M"
34,35. The Intouchables (2011),R,112 min,"Biography, Comedy, Drama",8.5,,"After he becomes a quadriplegic from a paragliding accident, an aristocrat hires a young man from the projects to be his caregiver.","Directors: Olivier Nakache, Éric Toledano | Stars: François Cluzet, Omar Sy, Anne Le Ny, Audrey Fleurot","Votes: 742,461 | Gross: $13.18M"
35,36. The Prestige (2006),PG-13,130 min,"Drama, Mystery, Sci-Fi",8.5,66,"After a tragic accident, two stage magicians engage in a battle to create the ultimate illusion while sacrificing everything they have to outwit each other.","Director: Christopher Nolan | Stars: Christian Bale, Hugh Jackman, Scarlett Johansson, Michael Caine","Votes: 1,165,395 | Gross: $53.09M"
36,37. The Departed (2006),R,151 min,"Crime, Drama, Thriller",8.5,85,An undercover cop and a mole in the police attempt to identify each other while infiltrating an Irish gang in South Boston.,"Director: Martin Scorsese | Stars: Leonardo DiCaprio, Matt Damon, Jack Nicholson, Mark Wahlberg","Votes: 1,167,751 | Gross: $132.38M"
37,38. The Pianist (2002),R,150 min,"Biography, Drama, Music",8.5,85,A Polish Jewish musician struggles to survive the destruction of the Warsaw ghetto of World War II.,"Director: Roman Polanski | Stars: Adrien Brody, Thomas Kretschmann, Frank Finlay, Emilia Fox","Votes: 713,857 | Gross: $32.57M"
38,39. Gladiator (2000),R,155 min,"Action, Adventure, Drama",8.5,67,A former Roman General sets out to exact vengeance against the corrupt emperor who murdered his family and sent him into slavery.,"Director: Ridley Scott | Stars: Russell Crowe, Joaquin Phoenix, Connie Nielsen, Oliver Reed","Votes: 1,317,068 | Gross: $187.71M"
39,40. American History X (1998),R,119 min,Drama,8.5,62,A former neo-nazi skinhead tries to prevent his younger brother from going down the same wrong path that he did.,"Director: Tony Kaye | Stars: Edward Norton, Edward Furlong, Beverly D'Angelo, Jennifer Lien","Votes: 1,020,014 | Gross: $6.72M"
40,41. The Usual Suspects (1995),R,106 min,"Crime, Mystery, Thriller",8.5,77,"A sole survivor tells of the twisty events leading up to a horrific gun battle on a boat, which began when five criminals met at a seemingly random police lineup.","Director: Bryan Singer | Stars: Kevin Spacey, Gabriel Byrne, Chazz Palminteri, Stephen Baldwin","Votes: 975,320 | Gross: $23.34M"
41,42. Léon: The Professional (1994),R,110 min,"Action, Crime, Drama",8.5,64,"Mathilda, a 12-year-old girl, is reluctantly taken in by Léon, a professional assassin, after her family is murdered. An unusual relationship forms as she becomes his protégée and learns the assassin's trade.","Director: Luc Besson | Stars: Jean Reno, Gary Oldman, Natalie Portman, Danny Aiello","Votes: 1,015,364 | Gross: $19.50M"
42,43. The Lion King (1994),G,88 min,"Animation, Adventure, Drama",8.5,88,"Lion prince Simba and his father are targeted by his bitter uncle, who wants to ascend the throne himself.","Directors: Roger Allers, Rob Minkoff | Stars: Matthew Broderick, Jeremy Irons, James Earl Jones, Whoopi Goldberg","Votes: 923,988 | Gross: $422.78M"
43,44. Terminator 2: Judgment Day (1991),R,137 min,"Action, Sci-Fi",8.5,75,"A cyborg, identical to the one who failed to kill Sarah Connor, must now protect her teenage son, John Connor, from a more advanced and powerful cyborg.","Director: James Cameron | Stars: Arnold Schwarzenegger, Linda Hamilton, Edward Furlong, Robert Patrick","Votes: 980,974 | Gross: $204.84M"
44,45. Cinema Paradiso (1988),R,155 min,Drama,8.5,80,A filmmaker recalls his childhood when falling in love with the pictures at the cinema of his home village and forms a deep friendship with the cinema's projectionist.,"Director: Giuseppe Tornatore | Stars: Philippe Noiret, Enzo Cannavale, Antonella Attili, Isa Danieli","Votes: 225,330 | Gross: $11.99M"
45,46. Grave of the Fireflies (1988),Not Rated,89 min,"Animation, Drama, War",8.5,94,A young boy and his little sister struggle to survive in Japan during World War II.,"Director: Isao Takahata | Stars: Tsutomu Tatsumi, Ayano Shiraishi, Akemi Yamaguchi, Yoshiko Shinohara","Votes: 228,405"
46,47. Back to the Future (1985),PG,116 min,"Adventure, Comedy, Sci-Fi",8.5,87,"Marty McFly, a 17-year-old high school student, is accidentally sent thirty years into the past in a time-traveling DeLorean invented by his close friend, the eccentric scientist Doc Brown.","Director: Robert Zemeckis | Stars: Michael J. Fox, Christopher Lloyd, Lea Thompson, Crispin Glover","Votes: 1,036,180 | Gross: $210.61M"
47,48. Anand (1971),Not Rated,122 min,"Drama, Musical",8.5,,"The story of a terminally ill man who wishes to live life to the fullest before the inevitable occurs, as told by his best friend.","Director: Hrishikesh Mukherjee | Stars: Rajesh Khanna, Amitabh Bachchan, Sumita Sanyal, Ramesh Deo","Votes: 28,923"
48,49. Once Upon a Time in the West (1968),PG-13,165 min,Western,8.5,80,A mysterious stranger with a harmonica joins forces with a notorious desperado to protect a beautiful widow from a ruthless assassin working for the railroad.,"Director: Sergio Leone | Stars: Henry Fonda, Charles Bronson, Claudia Cardinale, Jason Robards","Votes: 297,767 | Gross: $5.32M"
49,50. Psycho (1960),R,109 min,"Horror, Mystery, Thriller",8.5,97,"A Phoenix secretary embezzles $40,000 from her employer's client, goes on the run, and checks into a remote motel run by a young man under the domination of his mother.","Director: Alfred Hitchcock | Stars: Anthony Perkins, Janet Leigh, Vera Miles, John Gavin","Votes: 592,419 | Gross: $32.00M"
50,51. Casablanca (1942),PG,102 min,"Drama, Romance, War",8.5,100,A cynical American expatriate struggles to decide whether or not he should help his former lover and her fugitive husband escape French Morocco.,"Director: Michael Curtiz | Stars: Humphrey Bogart, Ingrid Bergman, Paul Henreid, Claude Rains","Votes: 513,591 | Gross: $1.02M"
51,52. Modern Times (1936),G,87 min,"Comedy, Drama, Family",8.5,96,The Tramp struggles to live in modern industrial society with the help of a young homeless woman.,"Director: Charles Chaplin | Stars: Charles Chaplin, Paulette Goddard, Henry Bergman, Tiny Sandford","Votes: 213,289 | Gross: $0.16M"
52,53. City Lights (1931),G,87 min,"Comedy, Drama, Romance",8.5,99,"With the aid of a wealthy erratic tippler, a dewy-eyed tramp who has fallen in love with a sightless flower girl accumulates money to be able to help her medically.","Director: Charles Chaplin | Stars: Charles Chaplin, Virginia Cherrill, Florence Lee, Harry Myers","Votes: 164,332 | Gross: $0.02M"
53,54. Capernaum (2018),R,126 min,Drama,8.4,75,"While serving a five-year sentence for a violent crime, a 12-year-old boy sues his parents for neglect.","Director: Nadine Labaki | Stars: Zain Al Rafeea, Yordanos Shiferaw, Boluwatife Treasure Bankole, Kawsar Al Haddad","Votes: 56,305 | Gross: $1.66M"
54,55. Ayla: The Daughter of War (2017),,125 min,"Biography, Drama, History",8.4,,"In 1950, amid-st the ravages of the Korean War, Sergeant Süleyman stumbles upon a half-frozen little girl, with no parents and no help in sight. Frantic, scared and on the verge of death, ... See full summary »","Director: Can Ulkay | Stars: Çetin Tekindor, Ismail Hacioglu, Kyung-jin Lee, Kim Seol","Votes: 32,732"
55,56. Your Name. (2016),PG,106 min,"Animation, Drama, Fantasy",8.4,79,"Two strangers find themselves linked in a bizarre way. When a connection forms, will distance be the only thing to keep them apart?","Director: Makoto Shinkai | Stars: Ryûnosuke Kamiki, Mone Kamishiraishi, Ryô Narita, Aoi Yûki","Votes: 183,264 | Gross: $5.02M"
56,57. Dangal (2016),Not Rated,161 min,"Action, Biography, Drama",8.4,,Former wrestler Mahavir Singh Phogat and his two wrestler daughters struggle towards glory at the Commonwealth Games in the face of societal oppression.,"Director: Nitesh Tiwari | Stars: Aamir Khan, Sakshi Tanwar, Fatima Sana Shaikh, Sanya Malhotra","Votes: 150,228 | Gross: $12.39M"
57,58. Spider-Man: Into the Spider-Verse (2018),PG,117 min,"Animation, Action, Adventure",8.4,87,"Teen Miles Morales becomes the Spider-Man of his universe, and must join with five spider-powered individuals from other dimensions to stop a threat for all realities.","Directors: Bob Persichetti, Peter Ramsey, Rodney Rothman | Stars: Shameik Moore, Jake Johnson, Hailee Steinfeld, Mahershala Ali","Votes: 344,823 | Gross: $190.24M"
58,59. Avengers: Endgame (2019),PG-13,181 min,"Action, Adventure, Drama",8.4,78,"After the devastating events of Avengers: Infinity War (2018), the universe is in ruins. With the help of remaining allies, the Avengers assemble once more in order to reverse Thanos' actions and restore balance to the universe.","Directors: Anthony Russo, Joe Russo | Stars: Robert Downey Jr., Chris Evans, Mark Ruffalo, Chris Hemsworth","Votes: 772,451 | Gross: $858.37M"
59,60. Avengers: Infinity War (2018),PG-13,149 min,"Action, Adventure, Sci-Fi",8.4,68,The Avengers and their allies must be willing to sacrifice all in an attempt to defeat the powerful Thanos before his blitz of devastation and ruin puts an end to the universe.,"Directors: Anthony Russo, Joe Russo | Stars: Robert Downey Jr., Chris Hemsworth, Mark Ruffalo, Chris Evans","Votes: 806,961 | Gross: $678.82M"
60,61. Coco (I) (2017),PG,105 min,"Animation, Adventure, Family",8.4,81,"Aspiring musician Miguel, confronted with his family's ancestral ban on music, enters the Land of the Dead to find his great-great-grandfather, a legendary singer.","Directors: Lee Unkrich, Adrian Molina | Stars: Anthony Gonzalez, Gael García Bernal, Benjamin Bratt, Alanna Ubach","Votes: 359,386 | Gross: $209.73M"
61,62. Django Unchained (2012),R,165 min,"Drama, Western",8.4,81,"With the help of a German bounty hunter, a freed slave sets out to rescue his wife from a brutal Mississippi plantation owner.","Director: Quentin Tarantino | Stars: Jamie Foxx, Christoph Waltz, Leonardo DiCaprio, Kerry Washington","Votes: 1,328,656 | Gross: $162.81M"
62,63. The Dark Knight Rises (2012),PG-13,164 min,"Action, Adventure",8.4,78,"Eight years after the Joker's reign of anarchy, Batman, with the help of the enigmatic Catwoman, is forced from his exile to save Gotham City from the brutal guerrilla terrorist Bane.","Director: Christopher Nolan | Stars: Christian Bale, Tom Hardy, Anne Hathaway, Gary Oldman","Votes: 1,491,281 | Gross: $448.14M"
63,64. 3 Idiots (2009),PG-13,170 min,"Comedy, Drama",8.4,67,"Two friends are searching for their long lost companion. They revisit their college days and recall the memories of their friend who inspired them to think differently, even as the rest of the world called them ""idiots"".","Director: Rajkumar Hirani | Stars: Aamir Khan, Madhavan, Mona Singh, Sharman Joshi","Votes: 335,511 | Gross: $6.53M"
64,65. Like Stars on Earth (2007),PG,165 min,"Drama, Family",8.4,,"An eight-year-old boy is thought to be a lazy trouble-maker, until the new art teacher has the patience and compassion to discover the real problem behind his struggles in school.","Directors: Aamir Khan, Amole Gupte | Stars: Darsheel Safary, Aamir Khan, Tisca Chopra, Vipin Sharma","Votes: 163,796 | Gross: $1.22M"
65,66. WALL·E (2008),G,98 min,"Animation, Adventure, Family",8.4,95,"In the distant future, a small waste-collecting robot inadvertently embarks on a space journey that will ultimately decide the fate of mankind.","Director: Andrew Stanton | Stars: Ben Burtt, Elissa Knight, Jeff Garlin, Fred Willard","Votes: 981,245 | Gross: $223.81M"
66,67. The Lives of Others (2006),R,137 min,"Drama, Mystery, Thriller",8.4,89,"In 1984 East Berlin, an agent of the secret police, conducting surveillance on a writer and his lover, finds himself becoming increasingly absorbed by their lives.","Director: Florian Henckel von Donnersmarck | Stars: Ulrich Mühe, Martina Gedeck, Sebastian Koch, Ulrich Tukur","Votes: 352,300 | Gross: $11.29M"
67,68. Oldboy (2003),R,120 min,"Action, Drama, Mystery",8.4,77,"After being kidnapped and imprisoned for fifteen years, Oh Dae-Su is released, only to find that he must find his captor in five days.","Director: Chan-wook Park | Stars: Min-sik Choi, Ji-Tae Yoo, Hye-jeong Kang, Dae-han Ji","Votes: 505,043 | Gross: $0.71M"
68,69. Memento (2000),R,113 min,"Mystery, Thriller",8.4,80,A man with short-term memory loss attempts to track down his wife's murderer.,"Director: Christopher Nolan | Stars: Guy Pearce, Carrie-Anne Moss, Joe Pantoliano, Mark Boone Junior","Votes: 1,107,298 | Gross: $25.54M"
69,70. Princess Mononoke (1997),PG-13,134 min,"Animation, Adventure, Fantasy",8.4,76,"On a journey to find the cure for a Tatarigami's curse, Ashitaka finds himself in the middle of a war between the forest gods and Tatara, a mining colony. In this quest he also meets San, the Mononoke Hime.","Director: Hayao Miyazaki | Stars: Yôji Matsuda, Yuriko Ishida, Yûko Tanaka, Billy Crudup","Votes: 334,608 | Gross: $2.38M"
70,71. Once Upon a Time in America (1984),R,229 min,"Crime, Drama",8.4,,"A former Prohibition-era Jewish gangster returns to the Lower East Side of Manhattan over thirty years later, where he once again must confront the ghosts and regrets of his old life.","Director: Sergio Leone | Stars: Robert De Niro, James Woods, Elizabeth McGovern, Treat Williams","Votes: 304,974 | Gross: $5.32M"
71,72. Raiders of the Lost Ark (1981),PG,115 min,"Action, Adventure",8.4,85,"In 1936, archaeologist and adventurer Indiana Jones is hired by the U.S. government to find the Ark of the Covenant before Adolf Hitler's Nazis can obtain its awesome powers.","Director: Steven Spielberg | Stars: Harrison Ford, Karen Allen, Paul Freeman, John Rhys-Davies","Votes: 870,596 | Gross: $248.16M"
72,73. The Shining (1980),R,146 min,"Drama, Horror",8.4,66,"A family heads to an isolated hotel for the winter where a sinister presence influences the father into violence, while his psychic son sees horrific forebodings from both past and future.","Director: Stanley Kubrick | Stars: Jack Nicholson, Shelley Duvall, Danny Lloyd, Scatman Crothers","Votes: 877,721 | Gross: $44.02M"
73,74. Apocalypse Now (1979),R,147 min,"Drama, Mystery, War",8.4,94,A U.S. Army officer serving in Vietnam is tasked with assassinating a renegade Special Forces Colonel who sees himself as a god.,"Director: Francis Ford Coppola | Stars: Martin Sheen, Marlon Brando, Robert Duvall, Frederic Forrest","Votes: 595,450 | Gross: $83.47M"
74,75. Alien (1979),R,117 min,"Horror, Sci-Fi",8.4,89,"After a space merchant vessel receives an unknown transmission as a distress call, one of the crew is attacked by a mysterious life form and they soon realize that its life cycle has merely begun.","Director: Ridley Scott | Stars: Sigourney Weaver, Tom Skerritt, John Hurt, Veronica Cartwright","Votes: 774,503 | Gross: $78.90M"
75,76. High and Low (1963),Not Rated,143 min,"Crime, Drama, Mystery",8.4,,An executive of a shoe company becomes a victim of extortion when his chauffeur's son is kidnapped and held for ransom.,"Director: Akira Kurosawa | Stars: Toshirô Mifune, Yutaka Sada, Tatsuya Nakadai, Kyôko Kagawa","Votes: 32,302"
76,77. Dr. Strangelove or: How I Learned to Stop Worrying and Love the Bomb (1964),PG,95 min,Comedy,8.4,97,An insane general triggers a path to nuclear holocaust that a War Room full of politicians and generals frantically tries to stop.,"Director: Stanley Kubrick | Stars: Peter Sellers, George C. Scott, Sterling Hayden, Keenan Wynn","Votes: 443,870 | Gross: $0.28M"
77,78. Witness for the Prosecution (1957),Approved,116 min,"Crime, Drama, Mystery",8.4,,A veteran British barrister must defend his client in a murder trial that has surprise after surprise.,"Director: Billy Wilder | Stars: Tyrone Power, Marlene Dietrich, Charles Laughton, Elsa Lanchester","Votes: 106,051 | Gross: $8.18M"
78,79. Paths of Glory (1957),Approved,88 min,"Drama, War",8.4,90,"After refusing to attack an enemy position, a general accuses the soldiers of cowardice and their commanding officer must defend them.","Director: Stanley Kubrick | Stars: Kirk Douglas, Ralph Meeker, Adolphe Menjou, George Macready","Votes: 174,411"
79,80. Rear Window (1954),PG,112 min,"Mystery, Thriller",8.4,100,A wheelchair-bound photographer spies on his neighbors from his apartment window and becomes convinced one of them has committed murder.,"Director: Alfred Hitchcock | Stars: James Stewart, Grace Kelly, Wendell Corey, Thelma Ritter","Votes: 435,967 | Gross: $36.76M"
80,81. Sunset Blvd. (1950),Passed,110 min,"Drama, Film-Noir",8.4,,A screenwriter develops a dangerous relationship with a faded film star determined to make a triumphant return.,"Director: Billy Wilder | Stars: William Holden, Gloria Swanson, Erich von Stroheim, Nancy Olson","Votes: 197,786"
81,82. The Great Dictator (1940),Passed,125 min,"Comedy, Drama, War",8.4,,Dictator Adenoid Hynkel tries to expand his empire while a poor Jewish barber tries to avoid persecution from Hynkel's regime.,"Director: Charles Chaplin | Stars: Charles Chaplin, Paulette Goddard, Jack Oakie, Reginald Gardiner","Votes: 199,210 | Gross: $0.29M"
82,83. 1917 (2019),R,119 min,"Drama, War",8.3,78,"April 6th, 1917. As a regiment assembles to wage war deep in enemy territory, two soldiers are assigned to race against time and deliver a message that will stop 1,600 men from walking straight into a deadly trap.","Director: Sam Mendes | Stars: Dean-Charles Chapman, George MacKay, Daniel Mays, Colin Firth","Votes: 378,902 | Gross: $159.23M"
83,84. Uri: The Surgical Strike (2019),Not Rated,138 min,"Action, Drama, War",8.3,,"Indian army special forces execute a covert operation, avenging the killing of fellow army men at their base by a terrorist group.","Director: Aditya Dhar | Stars: Vicky Kaushal, Paresh Rawal, Mohit Raina, Yami Gautam","Votes: 41,887 | Gross: $4.19M"
84,85. Tumbbad (2018),Not Rated,104 min,"Drama, Fantasy, Horror",8.3,,A mythological story about a goddess who created the entire universe. The plot revolves around the consequences when humans build a temple for her first-born.,"Directors: Rahi Anil Barve, Anand Gandhi, Adesh Prasad | Stars: Sohum Shah, Jyoti Malshe, Anita Date, Ronjini Chakraborty","Votes: 25,282"
85,86. Andhadhun (2018),Not Rated,139 min,"Crime, Thriller",8.3,,"A series of mysterious events change the life of a blind pianist, who must now report a crime that he should technically know nothing of.","Director: Sriram Raghavan | Stars: Ayushmann Khurrana, Tabu, Radhika Apte, Anil Dhawan","Votes: 67,476 | Gross: $1.37M"
86,87. Drishyam (2013),Not Rated,160 min,"Crime, Drama, Thriller",8.3,,A man goes to extreme lengths to save his family from punishment after the family commits an accidental crime.,"Director: Jeethu Joseph | Stars: Mohanlal, Meena, Asha Sharath, Ansiba","Votes: 30,002"
87,88. The Hunt (2012),R,115 min,Drama,8.3,77,"A teacher lives a lonely life, all the while struggling over his son's custody. His life slowly gets better as he finds love and receives good news from his son, but his new luck is about to be brutally shattered by an innocent little lie.","Director: Thomas Vinterberg | Stars: Mads Mikkelsen, Thomas Bo Larsen, Annika Wedderkopp, Lasse Fogelstrøm","Votes: 272,611 | Gross: $0.69M"
88,89. A Separation (2011),PG-13,123 min,"Drama, Thriller",8.3,95,A married couple are faced with a difficult decision - to improve the life of their child by moving to another country or to stay in Iran and look after a deteriorating parent who has Alzheimer's disease.,"Director: Asghar Farhadi | Stars: Payman Maadi, Leila Hatami, Sareh Bayat, Shahab Hosseini","Votes: 215,724 | Gross: $7.10M"
89,90. Incendies (2010),R,131 min,"Drama, Mystery, War",8.3,80,Twins journey to the Middle East to discover their family history and fulfill their mother's last wishes.,"Director: Denis Villeneuve | Stars: Lubna Azabal, Mélissa Désormeaux-Poulin, Maxim Gaudette, Mustafa Kamel","Votes: 144,833 | Gross: $6.86M"
90,91. 7 Kogustaki Mucize (2019),,132 min,Drama,8.3,,A story of love between a mentally-ill father who was wrongly accused of murder and his lovely six years old daughter. The prison would be their home. Based on the 2013 Korean movie Miracle in Cell No. 7 (2013).,"Director: Mehmet Ada Öztekin | Stars: Aras Bulut Iynemli, Nisa Sofiya Aksongur, Deniz Baysal, Celile Toyon Uysal","Votes: 30,188"
91,92. My Father and My Son (2005),,112 min,"Drama, Family",8.3,,The family of a left-wing journalist is torn apart after the military coup of Turkey in 1980.,"Director: Çagan Irmak | Stars: Çetin Tekindor, Fikret Kuskan, Hümeyra, Ege Tanman","Votes: 76,924"
92,93. Toy Story 3 (2010),G,103 min,"Animation, Adventure, Comedy",8.3,92,"The toys are mistakenly delivered to a day-care center instead of the attic right before Andy leaves for college, and it's up to Woody to convince the other toys that they weren't abandoned and to return home.","Director: Lee Unkrich | Stars: Tom Hanks, Tim Allen, Joan Cusack, Ned Beatty","Votes: 744,492 | Gross: $415.00M"
93,94. Inglourious Basterds (2009),R,153 min,"Adventure, Drama, War",8.3,69,"In Nazi-occupied France during World War II, a plan to assassinate Nazi leaders by a group of Jewish U.S. soldiers coincides with a theatre owner's vengeful plans for the same.","Director: Quentin Tarantino | Stars: Brad Pitt, Diane Kruger, Eli Roth, Mélanie Laurent","Votes: 1,239,498 | Gross: $120.54M"
94,95. Eternal Sunshine of the Spotless Mind (2004),R,108 min,"Drama, Romance, Sci-Fi",8.3,89,"When their relationship turns sour, a couple undergoes a medical procedure to have each other erased from their memories.","Director: Michel Gondry | Stars: Jim Carrey, Kate Winslet, Tom Wilkinson, Gerry Robert Byrne","Votes: 896,399 | Gross: $34.40M"
95,96. Amélie (2001),R,122 min,"Comedy, Romance",8.3,69,"Amélie is an innocent and naive girl in Paris with her own sense of justice. She decides to help those around her and, along the way, discovers love.","Director: Jean-Pierre Jeunet | Stars: Audrey Tautou, Mathieu Kassovitz, Rufus, Lorella Cravotta","Votes: 694,066 | Gross: $33.23M"
96,97. Snatch (2000),R,102 min,"Comedy, Crime",8.3,,"Unscrupulous boxing promoters, violent bookmakers, a Russian gangster, incompetent amateur robbers and supposedly Jewish jewelers fight to track down a priceless stolen diamond.","Director: Guy Ritchie | Stars: Jason Statham, Brad Pitt, Benicio Del Toro, Dennis Farina","Votes: 770,859 | Gross: $30.33M"
97,98. Requiem for a Dream (2000),R,102 min,Drama,8.3,68,The drug-induced utopias of four Coney Island people are shattered when their addictions run deep.,"Director: Darren Aronofsky | Stars: Ellen Burstyn, Jared Leto, Jennifer Connelly, Marlon Wayans","Votes: 753,713 | Gross: $3.64M"
98,99. American Beauty (1999),R,122 min,Drama,8.3,84,A sexually frustrated suburban father has a mid-life crisis after becoming infatuated with his daughter's best friend.,"Director: Sam Mendes | Stars: Kevin Spacey, Annette Bening, Thora Birch, Wes Bentley","Votes: 1,054,672 | Gross: $130.10M"
99,100. Good Will Hunting (1997),R,126 min,"Drama, Romance",8.3,70,"Will Hunting, a janitor at M.I.T., has a gift for mathematics, but needs help from a psychologist to find direction in his life.","Director: Gus Van Sant | Stars: Robin Williams, Matt Damon, Ben Affleck, Stellan Skarsgård","Votes: 844,208 | Gross: $138.43M"
100,101. Children of Heaven (1997),PG,89 min,"Drama, Family, Sport",8.3,77,"After a boy loses his sister's pair of shoes, he goes on a series of adventures in order to find them. When he can't, he tries a new way to ""win"" a new pair.","Director: Majid Majidi | Stars: Mohammad Amir Naji, Amir Farrokh Hashemian, Bahare Seddiqi, Nafise Jafar-Mohammadi","Votes: 63,321 | Gross: $0.93M"
101,102. Toy Story (1995),G,81 min,"Animation, Adventure, Comedy",8.3,95,A cowboy doll is profoundly threatened and jealous when a new spaceman figure supplants him as top toy in a boy's room.,"Director: John Lasseter | Stars: Tom Hanks, Tim Allen, Don Rickles, Jim Varney","Votes: 870,618 | Gross: $191.80M"
102,103. Braveheart (1995),R,178 min,"Biography, Drama, History",8.3,68,Scottish warrior William Wallace leads his countrymen in a rebellion to free his homeland from the tyranny of King Edward I of England.,"Director: Mel Gibson | Stars: Mel Gibson, Sophie Marceau, Patrick McGoohan, Angus Macfadyen","Votes: 946,442 | Gross: $75.60M"
103,104. Reservoir Dogs (1992),R,99 min,"Crime, Drama, Thriller",8.3,79,"When a simple jewelry heist goes horribly wrong, the surviving criminals begin to suspect that one of them is a police informant.","Director: Quentin Tarantino | Stars: Harvey Keitel, Tim Roth, Michael Madsen, Chris Penn","Votes: 902,744 | Gross: $2.83M"
104,105. Full Metal Jacket (1987),R,116 min,"Drama, War",8.3,76,A pragmatic U.S. Marine observes the dehumanizing effects the Vietnam War has on his fellow recruits from their brutal boot camp training to the bloody street fighting in Hue.,"Director: Stanley Kubrick | Stars: Matthew Modine, R. Lee Ermey, Vincent D'Onofrio, Adam Baldwin","Votes: 663,140 | Gross: $46.36M"
105,106. Come and See (1985),Not Rated,142 min,"Drama, Thriller, War",8.3,,"After finding an old rifle, a young boy joins the Soviet resistance movement against ruthless German forces and experiences the horrors of World War II.","Director: Elem Klimov | Stars: Aleksey Kravchenko, Olga Mironova, Liubomiras Laucevicius, Vladas Bagdonas","Votes: 55,744"
106,107. Aliens (1986),R,137 min,"Action, Adventure, Sci-Fi",8.3,84,"Ellen Ripley is rescued by a deep salvage team after being in hypersleep for 57 years. The moon that the Nostromo visited has been colonized, but contact is lost. This time, colonial marines have impressive firepower, but will that be enough?","Director: James Cameron | Stars: Sigourney Weaver, Michael Biehn, Carrie Henn, Paul Reiser","Votes: 643,457 | Gross: $85.16M"
107,108. Amadeus (1984),R,160 min,"Biography, Drama, History",8.3,88,"The life, success and troubles of Wolfgang Amadeus Mozart, as told by Antonio Salieri, the contemporaneous composer who was insanely jealous of Mozart's talent and claimed to have murdered him.","Director: Milos Forman | Stars: F. Murray Abraham, Tom Hulce, Elizabeth Berridge, Roy Dotrice","Votes: 363,387 | Gross: $51.97M"
108,109. Scarface (1983),R,170 min,"Crime, Drama",8.3,65,"In 1980 Miami, a determined Cuban immigrant takes over a drug cartel and succumbs to greed.","Director: Brian De Palma | Stars: Al Pacino, Michelle Pfeiffer, Steven Bauer, Mary Elizabeth Mastrantonio","Votes: 726,839 | Gross: $45.60M"
109,110. Star Wars: Episode VI - Return of the Jedi (1983),PG,131 min,"Action, Adventure, Fantasy",8.3,,"After a daring mission to rescue Han Solo from Jabba the Hutt, the Rebels dispatch to Endor to destroy the second Death Star. Meanwhile, Luke struggles to help Darth Vader back from the dark side without falling into the Emperor's trap.","Director: Richard Marquand | Stars: Mark Hamill, Harrison Ford, Carrie Fisher, Billy Dee Williams","Votes: 933,808 | Gross: $309.13M"
110,111. Das Boot (1981),R,149 min,"Adventure, Drama, Thriller",8.3,86,"The claustrophobic world of a WWII German U-boat; boredom, filth and sheer terror.","Director: Wolfgang Petersen | Stars: Jürgen Prochnow, Herbert Grönemeyer, Klaus Wennemann, Hubertus Bengsch","Votes: 228,112 | Gross: $11.49M"
111,112. Taxi Driver (1976),R,114 min,"Crime, Drama",8.3,94,"A mentally unstable veteran works as a nighttime taxi driver in New York City, where the perceived decadence and sleaze fuels his urge for violent action by attempting to liberate a presidential campaign worker and an underage prostitute.","Director: Martin Scorsese | Stars: Robert De Niro, Jodie Foster, Cybill Shepherd, Albert Brooks","Votes: 709,433 | Gross: $28.26M"
112,113. The Sting (1973),PG,129 min,"Comedy, Crime, Drama",8.3,83,Two grifters team up to pull off the ultimate con.,"Director: George Roy Hill | Stars: Paul Newman, Robert Redford, Robert Shaw, Charles Durning","Votes: 237,865 | Gross: $159.60M"
113,114. A Clockwork Orange (1971),R,136 min,"Crime, Drama, Sci-Fi",8.3,77,"In the future, a sadistic gang leader is imprisoned and volunteers for a conduct-aversion experiment, but it doesn't go as planned.","Director: Stanley Kubrick | Stars: Malcolm McDowell, Patrick Magee, Michael Bates, Warren Clarke","Votes: 745,296 | Gross: $6.21M"
114,115. 2001: A Space Odyssey (1968),G,149 min,"Adventure, Sci-Fi",8.3,84,"After discovering a mysterious artifact buried beneath the Lunar surface, mankind sets off on a quest to find its origins with help from intelligent supercomputer H.A.L. 9000.","Director: Stanley Kubrick | Stars: Keir Dullea, Gary Lockwood, William Sylvester, Daniel Richter","Votes: 592,443 | Gross: $56.95M"
115,116. For a Few Dollars More (1965),R,132 min,Western,8.3,74,Two bounty hunters with the same intentions team up to track down a Western outlaw.,"Director: Sergio Leone | Stars: Clint Eastwood, Lee Van Cleef, Gian Maria Volontè, Mara Krupp","Votes: 228,305 | Gross: $15.00M"
116,117. Lawrence of Arabia (1962),Approved,228 min,"Adventure, Biography, Drama",8.3,100,"The story of T.E. Lawrence, the English officer who successfully united and led the diverse, often warring, Arab tribes during World War I in order to fight the Turks.","Director: David Lean | Stars: Peter O'Toole, Alec Guinness, Anthony Quinn, Jack Hawkins","Votes: 263,491 | Gross: $44.82M"
117,118. The Apartment (1960),Approved,125 min,"Comedy, Drama, Romance",8.3,94,"A man tries to rise in his company by letting its executives use his apartment for trysts, but complications and a romance of his own ensue.","Director: Billy Wilder | Stars: Jack Lemmon, Shirley MacLaine, Fred MacMurray, Ray Walston","Votes: 160,657 | Gross: $18.60M"
118,119. North by Northwest (1959),Approved,136 min,"Adventure, Mystery, Thriller",8.3,98,A New York City advertising executive goes on the run after being mistaken for a government agent by a group of foreign spies.,"Director: Alfred Hitchcock | Stars: Cary Grant, Eva Marie Saint, James Mason, Jessie Royce Landis","Votes: 294,175 | Gross: $13.28M"
119,120. Vertigo (1958),PG,128 min,"Mystery, Romance, Thriller",8.3,100,A former police detective juggles wrestling with his personal demons and becoming obsessed with a hauntingly beautiful woman.,"Director: Alfred Hitchcock | Stars: James Stewart, Kim Novak, Barbara Bel Geddes, Tom Helmore","Votes: 356,579 | Gross: $3.20M"
120,121. Singin' in the Rain (1952),G,103 min,"Comedy, Musical, Romance",8.3,99,A silent film production company and cast make a difficult transition to sound.,"Directors: Stanley Donen, Gene Kelly | Stars: Gene Kelly, Donald O'Connor, Debbie Reynolds, Jean Hagen","Votes: 214,849 | Gross: $8.82M"
121,122. Ikiru (1952),Not Rated,143 min,Drama,8.3,,A bureaucrat tries to find a meaning in his life after he discovers he has terminal cancer.,"Director: Akira Kurosawa | Stars: Takashi Shimura, Nobuo Kaneko, Shin'ichi Himori, Haruo Tanaka","Votes: 66,415 | Gross: $0.06M"
122,123. Bicycle Thieves (1948),Not Rated,89 min,Drama,8.3,,"In post-war Italy, a working-class man's bicycle is stolen. He and his son set out to find it.","Director: Vittorio De Sica | Stars: Lamberto Maggiorani, Enzo Staiola, Lianella Carell, Elena Altieri","Votes: 143,052 | Gross: $0.33M"
123,124. Double Indemnity (1944),Passed,107 min,"Crime, Drama, Film-Noir",8.3,95,An insurance representative lets himself be talked by a seductive housewife into a murder/insurance fraud scheme that arouses the suspicion of an insurance investigator.,"Director: Billy Wilder | Stars: Fred MacMurray, Barbara Stanwyck, Edward G. Robinson, Byron Barr","Votes: 140,879 | Gross: $5.72M"
124,125. Citizen Kane (1941),PG,119 min,"Drama, Mystery",8.3,100,"Following the death of publishing tycoon Charles Foster Kane, reporters scramble to uncover the meaning of his final utterance; 'Rosebud'.","Director: Orson Welles | Stars: Orson Welles, Joseph Cotten, Dorothy Comingore, Agnes Moorehead","Votes: 392,283 | Gross: $1.59M"
125,126. M (1931),Passed,99 min,"Crime, Mystery, Thriller",8.3,,"When the police in a German city are unable to catch a child-murderer, other criminals join in the manhunt.","Director: Fritz Lang | Stars: Peter Lorre, Ellen Widmann, Inge Landgut, Otto Wernicke","Votes: 140,682 | Gross: $0.03M"
126,127. Metropolis (1927),Not Rated,153 min,"Drama, Sci-Fi",8.3,98,"In a futuristic city sharply divided between the working class and the city planners, the son of the city's mastermind falls in love with a working class prophet who predicts the coming of a savior to mediate their differences.","Director: Fritz Lang | Stars: Brigitte Helm, Alfred Abel, Gustav Fröhlich, Rudolf Klein-Rogge","Votes: 157,436 | Gross: $1.24M"
127,128. The Kid (1921),Passed,68 min,"Comedy, Drama, Family",8.3,,"The Tramp cares for an abandoned child, but events put that relationship in jeopardy.","Director: Charles Chaplin | Stars: Charles Chaplin, Edna Purviance, Jackie Coogan, Carl Miller","Votes: 110,513 | Gross: $5.45M"
128,129. Chhichhore (2019),,143 min,"Comedy, Drama",8.2,,"A tragic incident forces Anirudh, a middle-aged man, to take a trip down memory lane and reminisce his college days along with his friends, who were labelled as losers.","Director: Nitesh Tiwari | Stars: Sushant Singh Rajput, Shraddha Kapoor, Varun Sharma, Prateik","Votes: 30,676 | Gross: $0.90M"
129,130. K.G.F: Chapter 1 (2018),Not Rated,156 min,"Action, Drama",8.2,,"In the 1970s, a fierce rebel rises against brutal oppression and becomes the symbol of hope to legions of downtrodden people.","Director: Prashanth Neel | Stars: Yash, Srinidhi Shetty, Ramachandra Raju, Archana Jois","Votes: 32,652"
130,131. Green Book (2018),PG-13,130 min,"Biography, Comedy, Drama",8.2,69,A working-class Italian-American bouncer becomes the driver of an African-American classical pianist on a tour of venues through the 1960s American South.,"Director: Peter Farrelly | Stars: Viggo Mortensen, Mahershala Ali, Linda Cardellini, Sebastian Maniscalco","Votes: 349,960 | Gross: $85.08M"
131,"132. Three Billboards Outside Ebbing, Missouri (2017)",R,115 min,"Comedy, Crime, Drama",8.2,88,A mother personally challenges the local authorities to solve her daughter's murder when they fail to catch the culprit.,"Director: Martin McDonagh | Stars: Frances McDormand, Woody Harrelson, Sam Rockwell, Caleb Landry Jones","Votes: 417,153 | Gross: $54.51M"
132,133. Talvar (2015),Not Rated,132 min,"Crime, Drama, Mystery",8.2,,An experienced investigator confronts several conflicting theories about the perpetrators of a violent double homicide.,"Director: Meghna Gulzar | Stars: Irrfan Khan, Konkona Sen Sharma, Neeraj Kabi, Sohum Shah","Votes: 30,321 | Gross: $0.34M"
133,134. Baahubali 2: The Conclusion (2017),Not Rated,167 min,"Action, Drama",8.2,,"When Shiva, the son of Bahubali, learns about his heritage, he begins to look for answers. His story is juxtaposed with past events that unfolded in the Mahishmati Kingdom.","Director: S.S. Rajamouli | Stars: Prabhas, Rana Daggubati, Anushka Shetty, Tamannaah Bhatia","Votes: 73,216 | Gross: $20.19M"
134,135. Klaus (2019),PG,96 min,"Animation, Adventure, Comedy",8.2,65,"A simple act of kindness always sparks another, even in a frozen, faraway place. When Smeerensburg's new postman, Jesper, befriends toymaker Klaus, their gifts melt an age-old feud and deliver a sleigh full of holiday traditions.","Directors: Sergio Pablos, Carlos Martínez López | Stars: Jason Schwartzman, J.K. Simmons, Rashida Jones, Will Sasso","Votes: 77,228"
135,136. Drishyam (2015),Not Rated,163 min,"Crime, Drama, Mystery",8.2,,"Desperate measures are taken by a man who tries to save his family from the dark side of the law, after they commit an unexpected crime.","Director: Nishikant Kamat | Stars: Ajay Devgn, Shriya Saran, Tabu, Rajat Kapoor","Votes: 67,235 | Gross: $0.74M"
136,137. Queen (2013),Not Rated,146 min,"Adventure, Comedy, Drama",8.2,,A Delhi girl from a traditional family sets out on a solo honeymoon after her marriage gets cancelled.,"Director: Vikas Bahl | Stars: Kangana Ranaut, Rajkummar Rao, Lisa Haydon, Jeffrey Ho","Votes: 59,874 | Gross: $1.43M"
137,138. Tangerines (2013),Not Rated,87 min,"Drama, War",8.2,73,"In 1992, war rages in Abkhazia, a breakaway region of Georgia. An Estonian man Ivo has decided to stay behind and harvest his crops of tangerines. In a bloody conflict at his door, a wounded man is left behind, and Ivo takes him in.","Director: Zaza Urushadze | Stars: Lembit Ulfsak, Elmo Nüganen, Giorgi Nakashidze, Misha Meskhi","Votes: 38,259 | Gross: $0.14M"
138,139. Bhaag Milkha Bhaag (2013),Not Rated,186 min,"Biography, Drama, Sport",8.2,,The truth behind the ascension of Milkha Singh who was scarred because of the India-Pakistan partition.,"Director: Rakeysh Omprakash Mehra | Stars: Farhan Akhtar, Sonam Kapoor, Pavan Malhotra, Art Malik","Votes: 59,970 | Gross: $1.63M"
139,140. Gangs of Wasseypur (2012),R,321 min,"Action, Crime, Drama",8.2,89,"A clash between Sultan and Shahid Khan leads to the expulsion of Khan from Wasseypur, and ignites a deadly blood feud spanning three generations.","Director: Anurag Kashyap | Stars: Manoj Bajpayee, Richa Chadha, Nawazuddin Siddiqui, Tigmanshu Dhulia","Votes: 79,572"
140,141. Udaan (2010),Not Rated,134 min,Drama,8.2,,"Expelled from his school, a 16-year old boy returns home to his abusive and oppressive father.","Director: Vikramaditya Motwane | Stars: Rajat Barmecha, Ronit Roy, Manjot Singh, Ram Kapoor","Votes: 41,803 | Gross: $0.01M"
141,142. Paan Singh Tomar (2012),Not Rated,135 min,"Action, Biography, Crime",8.2,,"The story of Paan Singh Tomar, an Indian athlete and seven-time national steeplechase champion who becomes one of the most feared dacoits in Chambal Valley after his retirement.","Director: Tigmanshu Dhulia | Stars: Irrfan Khan, Mahie Gill, Rajesh Abhay, Hemendra Dandotiya","Votes: 32,650 | Gross: $0.04M"
142,143. The Secret in Their Eyes (2009),R,129 min,"Drama, Mystery, Romance",8.2,80,A retired legal counselor writes a novel hoping to find closure for one of his past unresolved homicide cases and for his unreciprocated love with his superior - both of which still haunt him decades later.,"Director: Juan José Campanella | Stars: Ricardo Darín, Soledad Villamil, Pablo Rago, Carla Quevedo","Votes: 189,425 | Gross: $6.39M"
143,144. Warrior (2011),PG-13,140 min,"Action, Drama, Sport",8.2,71,"The youngest son of an alcoholic former boxer returns home, where he's trained by his father for competition in a mixed martial arts tournament - a path that puts the fighter on a collision course with his estranged, older brother.","Director: Gavin O'Connor | Stars: Tom Hardy, Nick Nolte, Joel Edgerton, Jennifer Morrison","Votes: 429,970 | Gross: $13.66M"
144,145. Shutter Island (2010),R,138 min,"Mystery, Thriller",8.2,63,"In 1954, a U.S. Marshal investigates the disappearance of a murderer who escaped from a hospital for the criminally insane.","Director: Martin Scorsese | Stars: Leonardo DiCaprio, Emily Mortimer, Mark Ruffalo, Ben Kingsley","Votes: 1,105,456 | Gross: $128.01M"
145,146. Up (2009),PG,96 min,"Animation, Adventure, Comedy",8.2,88,"78-year-old Carl Fredricksen travels to Paradise Falls in his house equipped with balloons, inadvertently taking a young stowaway.","Directors: Pete Docter, Bob Peterson | Stars: Edward Asner, Jordan Nagai, John Ratzenberger, Christopher Plummer","Votes: 917,839 | Gross: $293.00M"
146,147. The Wolf of Wall Street (2013),R,180 min,"Biography, Crime, Drama",8.2,75,"Based on the true story of Jordan Belfort, from his rise to a wealthy stock-broker living the high life to his fall involving crime, corruption and the federal government.","Director: Martin Scorsese | Stars: Leonardo DiCaprio, Jonah Hill, Margot Robbie, Matthew McConaughey","Votes: 1,152,702 | Gross: $116.90M"
147,148. Chak De! India (2007),Not Rated,153 min,"Drama, Family, Sport",8.2,68,Kabir Khan is the coach of the Indian Women's National Hockey Team and his dream is to make his all girls team emerge victorious against all odds.,"Director: Shimit Amin | Stars: Shah Rukh Khan, Vidya Malvade, Sagarika Ghatge, Shilpa Shukla","Votes: 72,790 | Gross: $1.11M"
148,149. There Will Be Blood (2007),R,158 min,Drama,8.2,93,"A story of family, religion, hatred, oil and madness, focusing on a turn-of-the-century prospector in the early days of the business.","Director: Paul Thomas Anderson | Stars: Daniel Day-Lewis, Paul Dano, Ciarán Hinds, Martin Stringer","Votes: 506,982 | Gross: $40.22M"
149,150. Pan's Labyrinth (2006),R,118 min,"Drama, Fantasy, War",8.2,98,"In the Falangist Spain of 1944, the bookish young stepdaughter of a sadistic army officer escapes into an eerie but captivating fantasy world.","Director: Guillermo del Toro | Stars: Ivana Baquero, Ariadna Gil, Sergi López, Maribel Verdú","Votes: 610,311 | Gross: $37.63M"
150,151. V for Vendetta (2005),R,132 min,"Action, Drama, Sci-Fi",8.2,62,"In a future British tyranny, a shadowy freedom fighter, known only by the alias of 'V', plots to overthrow it with the help of a young woman.","Director: James McTeigue | Stars: Hugo Weaving, Natalie Portman, Rupert Graves, Stephen Rea","Votes: 1,015,793 | Gross: $70.51M"
151,152. Rang De Basanti (2006),Not Rated,167 min,"Comedy, Drama",8.2,,"The story of six young Indians who assist an English woman to film a documentary on the freedom fighters from their past, and the events that lead them to relive the long-forgotten saga of freedom.","Director: Rakeysh Omprakash Mehra | Stars: Aamir Khan, Soha Ali Khan, Siddharth, Sharman Joshi","Votes: 109,864 | Gross: $2.20M"
152,153. Black (2005),Not Rated,122 min,Drama,8.2,,"The cathartic tale of a young woman who can't see, hear or talk and the teacher who brings a ray of light into her dark world.","Director: Sanjay Leela Bhansali | Stars: Amitabh Bachchan, Rani Mukerji, Shernaz Patel, Ayesha Kapoor","Votes: 33,017 | Gross: $0.73M"
153,154. Batman Begins (2005),PG-13,140 min,"Action, Adventure",8.2,70,"After training with his mentor, Batman begins his fight to free crime-ridden Gotham City from corruption.","Director: Christopher Nolan | Stars: Christian Bale, Michael Caine, Ken Watanabe, Liam Neeson","Votes: 1,287,216 | Gross: $206.85M"
154,155. Swades (2004),Not Rated,189 min,Drama,8.2,,A successful Indian scientist returns to an Indian village to take his nanny to America with him and in the process rediscovers his roots.,"Director: Ashutosh Gowariker | Stars: Shah Rukh Khan, Gayatri Joshi, Kishori Ballal, Smit Sheth","Votes: 81,831 | Gross: $1.22M"
155,156. Downfall (2004),R,156 min,"Biography, Drama, History",8.2,82,"Traudl Junge, the final secretary for Adolf Hitler, tells of the Nazi dictator's final days in his Berlin bunker at the end of WWII.","Director: Oliver Hirschbiegel | Stars: Bruno Ganz, Alexandra Maria Lara, Ulrich Matthes, Juliane Köhler","Votes: 326,660 | Gross: $5.51M"
156,157. Howl's Moving Castle (2004),PG,119 min,"Animation, Adventure, Family",8.2,80,"When an unconfident young woman is cursed with an old body by a spiteful witch, her only chance of breaking the spell lies with a self-indulgent yet insecure young wizard and his companions in his legged, walking castle.","Director: Hayao Miyazaki | Stars: Chieko Baishô, Takuya Kimura, Tatsuya Gashûin, Akihiro Miwa","Votes: 323,510 | Gross: $4.71M"
157,158. A Beautiful Mind (2001),PG-13,135 min,"Biography, Drama",8.2,72,"After John Nash, a brilliant but asocial mathematician, accepts secret work in cryptography, his life takes a turn for the nightmarish.","Director: Ron Howard | Stars: Russell Crowe, Ed Harris, Jennifer Connelly, Christopher Plummer","Votes: 833,407 | Gross: $170.74M"
158,159. Hera Pheri (2000),Not Rated,156 min,"Action, Comedy, Crime",8.2,,"Three unemployed men look for answers to all their money problems - but when their opportunity arrives, will they know what to do with it?","Director: Priyadarshan | Stars: Akshay Kumar, Sunil Shetty, Paresh Rawal, Tabu","Votes: 55,580"
159,"160. Lock, Stock and Two Smoking Barrels (1998)",R,107 min,"Action, Comedy, Crime",8.2,66,"A botched card game in London triggers four friends, thugs, weed-growers, hard gangsters, loan sharks and debt collectors to collide with each other in a series of unexpected events, all for the sake of weed, cash and two antique shotguns.","Director: Guy Ritchie | Stars: Jason Flemyng, Dexter Fletcher, Nick Moran, Jason Statham","Votes: 527,621 | Gross: $3.90M"
160,161. L.A. Confidential (1997),R,138 min,"Crime, Drama, Mystery",8.2,90,"As corruption grows in 1950s Los Angeles, three policemen - one strait-laced, one brutal, and one sleazy - investigate a series of murders with their own brand of justice.","Director: Curtis Hanson | Stars: Kevin Spacey, Russell Crowe, Guy Pearce, Kim Basinger","Votes: 524,506 | Gross: $64.62M"
161,162. The Bandit (1996),,128 min,"Crime, Drama, Thriller",8.2,,"Baran the Bandit, released from prison after 35 years, searches for vengeance and his lover.","Director: Yavuz Turgul | Stars: Sener Sen, Ugur Yücel, Sermin Hürmeriç, Yesim Salkim","Votes: 62,585"
162,163. Heat (1995),R,170 min,"Crime, Drama, Thriller",8.2,76,A group of professional bank robbers start to feel the heat from police when they unknowingly leave a clue at their latest heist.,"Director: Michael Mann | Stars: Al Pacino, Robert De Niro, Val Kilmer, Jon Voight","Votes: 566,421 | Gross: $67.44M"
163,164. Casino (1995),R,178 min,"Crime, Drama",8.2,73,"A tale of greed, deception, money, power, and murder occur between two best friends: a mafia enforcer and a casino executive, compete against each other over a gambling empire, and over a fast living and fast loving socialite.","Director: Martin Scorsese | Stars: Robert De Niro, Sharon Stone, Joe Pesci, James Woods","Votes: 456,858 | Gross: $42.44M"
164,165. Andaz Apna Apna (1994),PG,160 min,"Comedy, Romance",8.2,,Two slackers competing for the affections of an heiress inadvertently become her protectors from an evil criminal.,"Director: Rajkumar Santoshi | Stars: Aamir Khan, Salman Khan, Raveena Tandon, Karisma Kapoor","Votes: 48,616"
165,166. Unforgiven (1992),R,130 min,"Drama, Western",8.2,85,"Retired Old West gunslinger William Munny reluctantly takes on one last job, with the help of his old partner Ned Logan and a young man, The ""Schofield Kid.""","Director: Clint Eastwood | Stars: Clint Eastwood, Gene Hackman, Morgan Freeman, Richard Harris","Votes: 369,888 | Gross: $101.16M"
166,167. Indiana Jones and the Last Crusade (1989),PG-13,127 min,"Action, Adventure",8.2,65,"In 1938, after his father Professor Henry Jones, Sr. goes missing while pursuing the Holy Grail, Professor Henry 'Indiana' Jones, Jr. finds himself up against Adolf Hitler's Nazis again to stop them from obtaining its powers.","Director: Steven Spielberg | Stars: Harrison Ford, Sean Connery, Alison Doody, Denholm Elliott","Votes: 681,051 | Gross: $197.17M"
167,168. My Neighbor Totoro (1988),G,86 min,"Animation, Family, Fantasy",8.2,86,"When two girls move to the country to be near their ailing mother, they have adventures with the wondrous forest spirits who live nearby.","Director: Hayao Miyazaki | Stars: Hitoshi Takagi, Noriko Hidaka, Chika Sakamoto, Shigesato Itoi","Votes: 282,234 | Gross: $1.11M"
168,169. Die Hard (1988),R,132 min,"Action, Thriller",8.2,72,An NYPD officer tries to save his wife and several others taken hostage by German terrorists during a Christmas party at the Nakatomi Plaza in Los Angeles.,"Director: John McTiernan | Stars: Bruce Willis, Alan Rickman, Bonnie Bedelia, Reginald VelJohnson","Votes: 772,060 | Gross: $83.01M"
169,170. Ran (1985),R,162 min,"Action, Drama, War",8.2,96,"In Medieval Japan, an elderly warlord retires, handing over his empire to his three sons. However, he vastly underestimates how the new-found power will corrupt them and cause them to turn on each other...and him.","Director: Akira Kurosawa | Stars: Tatsuya Nakadai, Akira Terao, Jinpachi Nezu, Daisuke Ryû","Votes: 110,056 | Gross: $4.14M"
170,171. Raging Bull (1980),R,129 min,"Biography, Drama, Sport",8.2,89,"The life of boxer Jake LaMotta, whose violence and temper that led him to the top in the ring destroyed his life outside of it.","Director: Martin Scorsese | Stars: Robert De Niro, Cathy Moriarty, Joe Pesci, Frank Vincent","Votes: 316,223 | Gross: $23.38M"
171,172. Stalker (1979),Not Rated,162 min,"Drama, Sci-Fi",8.2,,A guide leads two men through an area known as the Zone to find a room that grants wishes.,"Director: Andrei Tarkovsky | Stars: Alisa Freyndlikh, Aleksandr Kaydanovskiy, Anatoliy Solonitsyn, Nikolay Grinko","Votes: 113,530 | Gross: $0.23M"
172,173. The Message (1976),PG,177 min,"Biography, Drama, History",8.2,,This epic historical drama chronicles the life and times of Prophet Muhammad and serves as an introduction to early Islamic history.,"Director: Moustapha Akkad | Stars: Anthony Quinn, Irene Papas, Michael Ansara, Johnny Sekka","Votes: 43,188"
173,174. Sholay (1975),Not Rated,162 min,"Action, Adventure, Comedy",8.2,,"After his family is murdered by a notorious and ruthless bandit, a former police officer enlists the services of two outlaws to capture the bandit.","Director: Ramesh Sippy | Stars: Sanjeev Kumar, Dharmendra, Amitabh Bachchan, Amjad Khan","Votes: 50,530"
174,175. Monty Python and the Holy Grail (1975),PG,91 min,"Adventure, Comedy, Fantasy",8.2,91,"King Arthur (Graham Chapman) and his Knights of the Round Table embark on a surreal, low-budget search for the Holy Grail, encountering many, very silly obstacles.","Directors: Terry Gilliam, Terry Jones | Stars: Graham Chapman, John Cleese, Eric Idle, Terry Gilliam","Votes: 494,389 | Gross: $1.23M"
175,176. The Great Escape (1963),Approved,172 min,"Adventure, Drama, History",8.2,86,Allied prisoners of war plan for several hundred of their number to escape from a German camp during World War II.,"Director: John Sturges | Stars: Steve McQueen, James Garner, Richard Attenborough, Charles Bronson","Votes: 221,171 | Gross: $12.10M"
176,177. To Kill a Mockingbird (1962),Approved,129 min,"Crime, Drama",8.2,88,"Atticus Finch, a lawyer in the Depression-era South, defends a black man against an undeserved rape charge, and his children against prejudice.","Director: Robert Mulligan | Stars: Gregory Peck, John Megna, Frank Overton, Rosemary Murphy","Votes: 290,386"
177,178. Yojimbo (1961),Not Rated,110 min,"Action, Drama, Thriller",8.2,,A crafty ronin comes to a town divided by two criminal gangs and decides to play them against each other to free the town.,"Director: Akira Kurosawa | Stars: Toshirô Mifune, Eijirô Tôno, Tatsuya Nakadai, Yôko Tsukasa","Votes: 108,813"
178,179. Judgment at Nuremberg (1961),Approved,179 min,"Drama, War",8.2,,"In 1948, an American court in occupied Germany tries four Nazis judged for war crimes.","Director: Stanley Kramer | Stars: Spencer Tracy, Burt Lancaster, Richard Widmark, Marlene Dietrich","Votes: 68,064"
179,180. Some Like It Hot (1959),Passed,121 min,"Comedy, Music, Romance",8.2,98,"After two male musicians witness a mob hit, they flee the state in an all-female band disguised as women, but further complications set in.","Director: Billy Wilder | Stars: Marilyn Monroe, Tony Curtis, Jack Lemmon, George Raft","Votes: 239,812 | Gross: $25.00M"
180,181. Wild Strawberries (1957),Not Rated,91 min,"Drama, Romance",8.2,88,"After living a life marked by coldness, an aging professor is forced to confront the emptiness of his existence.","Director: Ingmar Bergman | Stars: Victor Sjöström, Bibi Andersson, Ingrid Thulin, Gunnar Björnstrand","Votes: 93,906"
181,182. The Seventh Seal (1957),Not Rated,96 min,"Drama, Fantasy",8.2,88,"A man seeks answers about life, death, and the existence of God as he plays chess against the Grim Reaper during the Black Plague.","Director: Ingmar Bergman | Stars: Max von Sydow, Gunnar Björnstrand, Bengt Ekerot, Nils Poppe","Votes: 160,949"
182,183. Rififi (1955),Not Rated,118 min,"Crime, Drama, Thriller",8.2,97,"Four men plan a technically perfect crime, but the human element intervenes...","Director: Jules Dassin | Stars: Jean Servais, Carl Möhner, Robert Manuel, Janine Darcey","Votes: 27,251 | Gross: $0.06M"
183,184. Dial M for Murder (1954),PG,105 min,"Crime, Thriller",8.2,75,A former tennis player tries to arrange his wife's murder after learning of her affair.,"Director: Alfred Hitchcock | Stars: Ray Milland, Grace Kelly, Robert Cummings, John Williams","Votes: 154,901 | Gross: $0.01M"
184,185. Tokyo Story (1953),Not Rated,136 min,Drama,8.2,,"An old couple visit their children and grandchildren in the city, but receive little attention.","Director: Yasujirô Ozu | Stars: Chishû Ryû, Chieko Higashiyama, Sô Yamamura, Setsuko Hara","Votes: 51,291"
185,186. Rashomon (1950),Not Rated,88 min,"Crime, Drama, Mystery",8.2,98,"The rape of a bride and the murder of her samurai husband are recalled from the perspectives of a bandit, the bride, the samurai's ghost and a woodcutter.","Director: Akira Kurosawa | Stars: Toshirô Mifune, Machiko Kyô, Masayuki Mori, Takashi Shimura","Votes: 149,595 | Gross: $0.10M"
186,187. All About Eve (1950),Passed,138 min,Drama,8.2,98,A seemingly timid but secretly ruthless ingénue insinuates herself into the lives of an aging Broadway star and her circle of theater friends.,"Director: Joseph L. Mankiewicz | Stars: Bette Davis, Anne Baxter, George Sanders, Celeste Holm","Votes: 118,599 | Gross: $0.01M"
187,188. The Treasure of the Sierra Madre (1948),Passed,126 min,"Adventure, Drama, Western",8.2,98,Two Americans searching for work in Mexico convince an old prospector to help them mine for gold in the Sierra Madre Mountains.,"Director: John Huston | Stars: Humphrey Bogart, Walter Huston, Tim Holt, Bruce Bennett","Votes: 112,389 | Gross: $5.01M"
188,189. To Be or Not to Be (1942),Passed,99 min,"Comedy, War",8.2,86,"During the Nazi occupation of Poland, an acting troupe becomes embroiled in a Polish soldier's efforts to track down a German spy.","Director: Ernst Lubitsch | Stars: Carole Lombard, Jack Benny, Robert Stack, Felix Bressart","Votes: 28,316"
189,190. The Gold Rush (1925),Passed,95 min,"Adventure, Comedy, Drama",8.2,,A prospector goes to the Klondike in search of gold and finds it and more.,"Director: Charles Chaplin | Stars: Charles Chaplin, Mack Swain, Tom Murray, Henry Bergman","Votes: 98,647 | Gross: $5.45M"
190,191. Sherlock Jr. (1924),Passed,45 min,"Action, Comedy, Romance",8.2,,"A film projectionist longs to be a detective, and puts his meagre skills to work when he is framed by a rival for stealing his girlfriend's father's pocketwatch.","Director: Buster Keaton | Stars: Buster Keaton, Kathryn McGuire, Joe Keaton, Erwin Connelly","Votes: 40,404 | Gross: $0.98M"
191,192. Portrait of a Lady on Fire (2019),R,122 min,"Drama, Romance",8.1,95,"On an isolated island in Brittany at the end of the eighteenth century, a female painter is obliged to paint a wedding portrait of a young woman.","Director: Céline Sciamma | Stars: Noémie Merlant, Adèle Haenel, Luàna Bajrami, Valeria Golino","Votes: 53,839 | Gross: $3.76M"
192,193. Pink (III) (2016),Not Rated,136 min,"Drama, Thriller",8.1,,"When three young women are implicated in a crime, a retired lawyer steps forward to help them clear their names.","Director: Aniruddha Roy Chowdhury | Stars: Taapsee Pannu, Amitabh Bachchan, Kirti Kulhari, Andrea Tariang","Votes: 38,119 | Gross: $1.24M"
193,194. A Silent Voice: The Movie (2016),Not Rated,130 min,"Animation, Drama, Family",8.1,78,"A young man is ostracized by his classmates after he bullies a deaf girl to the point where she moves away. Years later, he sets off on a path for redemption.","Director: Naoko Yamada | Stars: Miyu Irino, Saori Hayami, Aoi Yûki, Kenshô Ono","Votes: 42,737"
194,195. The Invisible Guest (2016),,106 min,"Crime, Drama, Mystery",8.1,,A successful entrepreneur accused of murder and a witness preparation expert have less than three hours to come up with an impregnable defense.,"Director: Oriol Paulo | Stars: Mario Casas, Ana Wagener, José Coronado, Bárbara Lennie","Votes: 130,927"
195,196. The Handmaiden (2016),Not Rated,145 min,"Drama, Romance, Thriller",8.1,84,"A woman is hired as a handmaiden to a Japanese heiress, but secretly she is involved in a plot to defraud her.","Director: Chan-wook Park | Stars: Min-hee Kim, Jung-woo Ha, Jin-woong Cho, So-Ri Moon","Votes: 107,104 | Gross: $2.01M"
196,197. Mommy (I) (2014),R,139 min,Drama,8.1,74,"A widowed single mother, raising her violent son alone, finds new hope when a mysterious neighbor inserts herself into their household.","Director: Xavier Dolan | Stars: Anne Dorval, Antoine Olivier Pilon, Suzanne Clément, Patrick Huard","Votes: 49,275 | Gross: $3.49M"
197,198. Haider (2014),Not Rated,160 min,"Action, Crime, Drama",8.1,,"A young man returns to Kashmir after his father's disappearance to confront his uncle, whom he suspects of playing a role in his father's fate.","Director: Vishal Bhardwaj | Stars: Shahid Kapoor, Tabu, Shraddha Kapoor, Kay Kay Menon","Votes: 49,701 | Gross: $0.90M"
198,201. Wild Tales (2014),R,122 min,"Comedy, Drama, Thriller",8.1,77,Six short stories that explore the extremities of human behavior involving people in distress.,"Director: Damián Szifron | Stars: Darío Grandinetti, María Marull, Mónica Villa, Diego Starosta","Votes: 172,434 | Gross: $3.11M"
199,202. Winter Sleep (2014),Not Rated,196 min,Drama,8.1,88,A hotel owner and landlord in a remote Turkish village deals with conflicts within his family and a tenant behind on his rent.,"Director: Nuri Bilge Ceylan | Stars: Haluk Bilginer, Melisa Sözen, Demet Akbag, Ayberk Pekcan","Votes: 44,411 | Gross: $0.17M"
200,203. Baahubali: The Beginning (2015),Not Rated,159 min,"Action, Drama",8.1,,"In ancient India, an adventurous and daring man becomes involved in a decades old feud between two warring people.","Director: S.S. Rajamouli | Stars: Prabhas, Rana Daggubati, Ramya Krishnan, Sathyaraj","Votes: 100,826 | Gross: $6.74M"
201,204. Gully Boy (2019),Not Rated,153 min,"Drama, Music",8.1,65,A coming-of-age story based on the lives of street rappers in Mumbai.,"Director: Zoya Akhtar | Stars: Vijay Varma, Nakul Roshan Sahdev, Ranveer Singh, Vijay Raaz","Votes: 30,303 | Gross: $5.57M"
202,205. PK (2014),Not Rated,153 min,"Comedy, Drama, Musical",8.1,,An alien on Earth loses the only device he can use to communicate with his spaceship. His innocent nature and child-like questions force the country to evaluate the impact of religion on its people.,"Director: Rajkumar Hirani | Stars: Aamir Khan, Anushka Sharma, Sanjay Dutt, Boman Irani","Votes: 158,690 | Gross: $10.62M"
203,206. OMG: Oh My God! (2012),Not Rated,125 min,"Comedy, Drama, Fantasy",8.1,,A shopkeeper takes God to court when his shop is destroyed by an earthquake.,"Director: Umesh Shukla | Stars: Paresh Rawal, Akshay Kumar, Mithun Chakraborty, Mahesh Manjrekar","Votes: 50,288 | Gross: $0.92M"
204,207. The Grand Budapest Hotel (2014),R,99 min,"Adventure, Comedy, Crime",8.1,88,"A writer encounters the owner of an aging high-class hotel, who tells him of his early years serving as a lobby boy in the hotel's glorious years under an exceptional concierge.","Director: Wes Anderson | Stars: Ralph Fiennes, F. Murray Abraham, Mathieu Amalric, Adrien Brody","Votes: 692,641 | Gross: $59.10M"
205,208. Gone Girl (2014),R,149 min,"Drama, Mystery, Thriller",8.1,79,"With his wife's disappearance having become the focus of an intense media circus, a man sees the spotlight turned on him when it's suspected that he may not be innocent.","Director: David Fincher | Stars: Ben Affleck, Rosamund Pike, Neil Patrick Harris, Tyler Perry","Votes: 840,447 | Gross: $167.77M"
206,209. Wolf Children (2012),PG,117 min,"Animation, Drama, Family",8.1,71,"After her werewolf lover unexpectedly dies in an accident while hunting for food for their children, a young woman must find ways to raise the werewolf son and daughter that she had with him while keeping their trait hidden from society.","Director: Mamoru Hosoda | Stars: Aoi Miyazaki, Takao Osawa, Haru Kuroki, Yukito Nishii","Votes: 37,666"
207,210. Hacksaw Ridge (2016),R,139 min,"Biography, Drama, History",8.1,71,"World War II American Army Medic Desmond T. Doss, who served during the Battle of Okinawa, refuses to kill people, and becomes the first man in American history to receive the Medal of Honor without firing a shot.","Director: Mel Gibson | Stars: Andrew Garfield, Sam Worthington, Luke Bracey, Teresa Palmer","Votes: 423,108 | Gross: $67.21M"
208,211. Inside Out (I) (2015),PG,95 min,"Animation, Adventure, Comedy",8.1,94,"After young Riley is uprooted from her Midwest life and moved to San Francisco, her emotions - Joy, Fear, Anger, Disgust and Sadness - conflict on how best to navigate a new city, house, and school.","Directors: Pete Docter, Ronnie Del Carmen | Stars: Amy Poehler, Bill Hader, Lewis Black, Mindy Kaling","Votes: 598,153 | Gross: $356.46M"
209,212. Barfi! (2012),Not Rated,151 min,"Comedy, Drama, Romance",8.1,,Three young people learn that love can neither be defined nor contained by society's definition of normal and abnormal.,"Director: Anurag Basu | Stars: Ranbir Kapoor, Priyanka Chopra, Ileana D'Cruz, Saurabh Shukla","Votes: 74,509 | Gross: $2.80M"
210,213. 12 Years a Slave (2013),R,134 min,"Biography, Drama, History",8.1,96,"In the antebellum United States, Solomon Northup, a free black man from upstate New York, is abducted and sold into slavery.","Director: Steve McQueen | Stars: Chiwetel Ejiofor, Michael Kenneth Williams, Michael Fassbender, Brad Pitt","Votes: 628,924 | Gross: $56.67M"
211,214. Rush (I) (2013),R,123 min,"Action, Biography, Drama",8.1,74,The merciless 1970s rivalry between Formula One rivals James Hunt and Niki Lauda.,"Director: Ron Howard | Stars: Daniel Brühl, Chris Hemsworth, Olivia Wilde, Alexandra Maria Lara","Votes: 425,706 | Gross: $26.95M"
212,215. Ford v Ferrari (2019),PG-13,152 min,"Action, Biography, Drama",8.1,81,American car designer Carroll Shelby and driver Ken Miles battle corporate interference and the laws of physics to build a revolutionary race car for Ford in order to defeat Ferrari at the 24 Hours of Le Mans in 1966.,"Director: James Mangold | Stars: Matt Damon, Christian Bale, Jon Bernthal, Caitriona Balfe","Votes: 266,291 | Gross: $117.62M"
213,216. Spotlight (I) (2015),R,129 min,"Biography, Crime, Drama",8.1,93,"The true story of how the Boston Globe uncovered the massive scandal of child molestation and cover-up within the local Catholic Archdiocese, shaking the entire Catholic Church to its core.","Director: Tom McCarthy | Stars: Mark Ruffalo, Michael Keaton, Rachel McAdams, Liev Schreiber","Votes: 410,417 | Gross: $45.06M"
214,217. Song of the Sea (2014),PG,93 min,"Animation, Adventure, Drama",8.1,85,"Ben, a young Irish boy, and his little sister Saoirse, a girl who can turn into a seal, go on an adventure to free the fairies and save the spirit world.","Director: Tomm Moore | Stars: David Rawle, Brendan Gleeson, Lisa Hannigan, Fionnula Flanagan","Votes: 49,756 | Gross: $0.86M"
215,218. Kahaani (2012),Not Rated,122 min,"Mystery, Thriller",8.1,,"A pregnant woman's search for her missing husband takes her from London to Kolkata, but everyone she questions denies having ever met him.","Director: Sujoy Ghosh | Stars: Vidya Balan, Parambrata Chattopadhyay, Indraneil Sengupta, Nawazuddin Siddiqui","Votes: 56,842 | Gross: $1.04M"
216,219. Zindagi Na Milegi Dobara (2011),Not Rated,155 min,"Comedy, Drama",8.1,,Three friends decide to turn their fantasy vacation into reality after one of their friends gets engaged.,"Director: Zoya Akhtar | Stars: Hrithik Roshan, Farhan Akhtar, Abhay Deol, Katrina Kaif","Votes: 66,262 | Gross: $3.11M"
217,220. Prisoners (2013),R,153 min,"Crime, Drama, Mystery",8.1,70,"When Keller Dover's daughter and her friend go missing, he takes matters into his own hands as the police pursue multiple leads and the pressure mounts.","Director: Denis Villeneuve | Stars: Hugh Jackman, Jake Gyllenhaal, Viola Davis, Melissa Leo","Votes: 586,763 | Gross: $61.00M"
218,221. Mad Max: Fury Road (2015),R,120 min,"Action, Adventure, Sci-Fi",8.1,90,"In a post-apocalyptic wasteland, a woman rebels against a tyrannical ruler in search for her homeland with the aid of a group of female prisoners, a psychotic worshiper, and a drifter named Max.","Director: George Miller | Stars: Tom Hardy, Charlize Theron, Nicholas Hoult, Zoë Kravitz","Votes: 863,405 | Gross: $154.06M"
219,222. A Wednesday (2008),Not Rated,104 min,"Action, Crime, Drama",8.1,,A retiring police officer reminisces about the most astounding day of his career. About a case that was never filed but continues to haunt him in his memories - the case of a man and a Wednesday.,"Director: Neeraj Pandey | Stars: Anupam Kher, Naseeruddin Shah, Jimmy Sheirgill, Aamir Bashir","Votes: 72,971"
220,223. Gran Torino (2008),R,116 min,Drama,8.1,72,"Disgruntled Korean War veteran Walt Kowalski sets out to reform his neighbor, Thao Lor, a Hmong teenager who tried to steal Kowalski's prized possession: a 1972 Gran Torino.","Director: Clint Eastwood | Stars: Clint Eastwood, Bee Vang, Christopher Carley, Ahney Her","Votes: 711,102 | Gross: $148.10M"
221,224. Harry Potter and the Deathly Hallows: Part 2 (2011),PG-13,130 min,"Adventure, Drama, Fantasy",8.1,85,"Harry, Ron, and Hermione search for Voldemort's remaining Horcruxes in their effort to destroy the Dark Lord as the final battle rages on at Hogwarts.","Director: David Yates | Stars: Daniel Radcliffe, Emma Watson, Rupert Grint, Michael Gambon","Votes: 748,824 | Gross: $381.01M"
222,225. Departures (2008),PG-13,130 min,"Drama, Music",8.1,68,A newly unemployed cellist takes a job preparing the dead for funerals.,"Director: Yôjirô Takita | Stars: Masahiro Motoki, Ryôko Hirosue, Tsutomu Yamazaki, Kazuko Yoshiyuki","Votes: 47,933 | Gross: $1.50M"
223,226. Hachi: A Dog's Tale (2009),G,93 min,"Drama, Family",8.1,,A college professor bonds with an abandoned dog he takes into his home.,"Director: Lasse Hallström | Stars: Richard Gere, Joan Allen, Cary-Hiroyuki Tagawa, Sarah Roemer","Votes: 247,872"
224,227. Mary and Max (2009),Not Rated,92 min,"Animation, Comedy, Drama",8.1,,"A tale of friendship between two unlikely pen pals: Mary, a lonely, eight-year-old girl living in the suburbs of Melbourne, and Max, a forty-four-year old, severely obese man living in New York.","Director: Adam Elliot | Stars: Toni Collette, Philip Seymour Hoffman, Eric Bana, Barry Humphries","Votes: 162,065"
225,228. How to Train Your Dragon (2010),PG,98 min,"Animation, Action, Adventure",8.1,75,"A hapless young Viking who aspires to hunt dragons becomes the unlikely friend of a young dragon himself, and learns there may be more to the creatures than he assumed.","Directors: Dean DeBlois, Chris Sanders | Stars: Jay Baruchel, Gerard Butler, Christopher Mintz-Plasse, Craig Ferguson","Votes: 655,613 | Gross: $217.58M"
226,229. Elite Squad (2007),R,115 min,"Action, Crime, Drama",8.1,,"In 1997 Rio de Janeiro, Captain Nascimento has to find a substitute for his position while trying to take down drug dealers and criminals before the Pope visits.","Director: José Padilha | Stars: Wagner Moura, André Ramiro, Caio Junqueira, Milhem Cortaz","Votes: 97,007 | Gross: $0.01M"
227,230. Into the Wild (2007),R,148 min,"Adventure, Biography, Drama",8.1,73,"After graduating from Emory University, top student and athlete Christopher McCandless abandons his possessions, gives his entire $24,000 savings account to charity and hitchhikes to Alaska to live in the wilderness. Along the way, Christopher encounters a series of characters that shape his life.","Director: Sean Penn | Stars: Emile Hirsch, Vince Vaughn, Catherine Keener, Marcia Gay Harden","Votes: 563,894 | Gross: $18.35M"
228,231. No Country for Old Men (2007),R,122 min,"Crime, Drama, Thriller",8.1,91,Violence and mayhem ensue after a hunter stumbles upon a drug deal gone wrong and more than two million dollars in cash near the Rio Grande.,"Directors: Ethan Coen, Joel Coen | Stars: Tommy Lee Jones, Javier Bardem, Josh Brolin, Woody Harrelson","Votes: 838,551 | Gross: $74.28M"
229,232. Lage Raho Munna Bhai (2006),PG-13,144 min,"Comedy, Drama, Romance",8.1,,Munna Bhai embarks on a journey with Mahatma Gandhi in order to fight against a corrupt property dealer.,"Director: Rajkumar Hirani | Stars: Sanjay Dutt, Arshad Warsi, Vidya Balan, Boman Irani","Votes: 42,267 | Gross: $2.22M"
230,233. Million Dollar Baby (2004),PG-13,132 min,"Drama, Sport",8.1,86,A determined woman works with a hardened boxing trainer to become a professional.,"Director: Clint Eastwood | Stars: Hilary Swank, Clint Eastwood, Morgan Freeman, Jay Baruchel","Votes: 626,932 | Gross: $100.49M"
231,234. Hotel Rwanda (2004),PG-13,121 min,"Biography, Drama, History",8.1,79,"Paul Rusesabagina, a hotel manager, houses over a thousand Tutsi refugees during their struggle against the Hutu militia in Rwanda, Africa.","Director: Terry George | Stars: Don Cheadle, Sophie Okonedo, Joaquin Phoenix, Xolani Mali","Votes: 330,697 | Gross: $23.53M"
232,235. Tae Guk Gi: The Brotherhood of War (2004),R,140 min,"Action, Drama, War",8.1,64,"When two brothers are forced to fight in the Korean War, the elder decides to take the riskiest missions if it will help shield the younger from battle.","Director: Je-kyu Kang | Stars: Dong-Gun Jang, Won Bin, Eun-ju Lee, Hyeong-jin Kong","Votes: 37,485 | Gross: $1.11M"
233,236. Before Sunset (2004),R,80 min,"Drama, Romance",8.1,90,"Nine years after Jesse and Celine first met, they encounter each other again on the French leg of Jesse's book tour.","Director: Richard Linklater | Stars: Ethan Hawke, Julie Delpy, Vernon Dobtcheff, Louise Lemoine Torrès","Votes: 230,917 | Gross: $5.82M"
234,237. Munna Bhai M.B.B.S. (2003),Not Rated,156 min,"Comedy, Drama, Musical",8.1,,A gangster sets out to fulfill his father's dream of becoming a doctor.,"Director: Rajkumar Hirani | Stars: Sanjay Dutt, Arshad Warsi, Gracy Singh, Sunil Dutt","Votes: 72,534"
235,238. Memories of Murder (2003),Not Rated,132 min,"Action, Crime, Drama",8.1,82,"In a small Korean province in 1986, two detectives struggle with the case of multiple young women being found raped and murdered by an unknown culprit.","Director: Bong Joon Ho | Stars: Kang-ho Song, Sang-kyung Kim, Roe-ha Kim, Jae-ho Song","Votes: 131,346 | Gross: $0.01M"
236,239. Dil Chahta Hai (2001),Not Rated,183 min,"Comedy, Drama, Romance",8.1,,"Three inseparable childhood friends are just out of college. Nothing comes between them - until they each fall in love, and their wildly different approaches to relationships creates tension.","Director: Farhan Akhtar | Stars: Aamir Khan, Saif Ali Khan, Akshaye Khanna, Preity Zinta","Votes: 65,835 | Gross: $0.30M"
237,240. Kill Bill: Vol. 1 (2003),R,111 min,"Action, Crime, Thriller",8.1,69,"After awakening from a four-year coma, a former assassin wreaks vengeance on the team of assassins who betrayed her.","Director: Quentin Tarantino | Stars: Uma Thurman, David Carradine, Daryl Hannah, Michael Madsen","Votes: 983,871 | Gross: $70.10M"
238,241. Finding Nemo (2003),G,100 min,"Animation, Adventure, Comedy",8.1,90,"After his son is captured in the Great Barrier Reef and taken to Sydney, a timid clownfish sets out on a journey to bring him home.","Directors: Andrew Stanton, Lee Unkrich | Stars: Albert Brooks, Ellen DeGeneres, Alexander Gould, Willem Dafoe","Votes: 933,762 | Gross: $380.84M"
239,242. Catch Me If You Can (2002),PG-13,141 min,"Biography, Crime, Drama",8.1,75,"A seasoned FBI agent pursues Frank Abagnale Jr. who, before his 19th birthday, successfully forged millions of dollars' worth of checks while posing as a Pan Am pilot, a doctor, and a legal prosecutor.","Director: Steven Spielberg | Stars: Leonardo DiCaprio, Tom Hanks, Christopher Walken, Martin Sheen","Votes: 808,593 | Gross: $164.62M"
240,243. Amores Perros (2000),R,154 min,"Drama, Thriller",8.1,83,"A horrific car accident connects three stories, each involving characters dealing with loss, regret, and life's harsh realities, all in the name of love.","Director: Alejandro G. Iñárritu | Stars: Emilio Echevarría, Gael García Bernal, Goya Toledo, Álvaro Guerrero","Votes: 220,525 | Gross: $5.38M"
241,244. Neon Genesis Evangelion: The End of Evangelion (1997),TV-14,87 min,"Animation, Action, Drama",8.1,,Concurrent theatrical ending of the TV series Neon Genesis Evangelion (1995).,"Directors: Hideaki Anno, Kazuya Tsurumaki | Stars: Megumi Ogata, Megumi Hayashibara, Yûko Miyamura, Kotono Mitsuishi","Votes: 37,141"
242,245. Lagaan: Once Upon a Time in India (2001),PG,224 min,"Adventure, Drama, Musical",8.1,84,The people of a small village in Victorian India stake their future on a game of cricket against their ruthless British rulers.,"Director: Ashutosh Gowariker | Stars: Aamir Khan, Raghuvir Yadav, Gracy Singh, Rachel Shelley","Votes: 103,246 | Gross: $0.07M"
243,246. The Sixth Sense (1999),PG-13,107 min,"Drama, Mystery, Thriller",8.1,64,A boy who communicates with spirits seeks the help of a disheartened child psychologist.,"Director: M. Night Shyamalan | Stars: Bruce Willis, Haley Joel Osment, Toni Collette, Olivia Williams","Votes: 899,294 | Gross: $293.51M"
244,247. The Legend of 1900 (1998),R,169 min,"Drama, Music, Romance",8.1,,"A baby boy, discovered in 1900 on an ocean liner, grows into a musical prodigy, never setting foot on land.","Director: Giuseppe Tornatore | Stars: Tim Roth, Pruitt Taylor Vince, Mélanie Thierry, Bill Nunn","Votes: 57,916 | Gross: $0.26M"
245,248. The Truman Show (1998),PG,103 min,"Comedy, Drama, Sci-Fi",8.1,90,An insurance salesman discovers his whole life is actually a reality TV show.,"Director: Peter Weir | Stars: Jim Carrey, Ed Harris, Laura Linney, Noah Emmerich","Votes: 918,604 | Gross: $125.62M"
246,"249. Black Cat, White Cat (1998)",R,127 min,"Comedy, Crime, Romance",8.1,73,Matko and his son Zare live on the banks of the Danube river and get by through hustling and basically doing anything to make a living. In order to pay off a business debt Matko agrees to marry off Zare to the sister of a local gangster.,"Director: Emir Kusturica | Stars: Bajram Severdzan, Srdjan 'Zika' Todorovic, Branka Katic, Florijan Ajdini","Votes: 50,107 | Gross: $0.35M"
247,250. The Big Lebowski (1998),R,117 min,"Comedy, Crime, Sport",8.1,71,"Jeff ""The Dude"" Lebowski, mistaken for a millionaire of the same name, seeks restitution for his ruined rug and enlists his bowling buddies to help get it.","Directors: Joel Coen, Ethan Coen | Stars: Jeff Bridges, John Goodman, Julianne Moore, Steve Buscemi","Votes: 719,459 | Gross: $17.50M"